Player1,Player2,Player3,Player4,Player5,Player6,Rounds,Winner
Basic,Smart,Basic,Smart,Smart,,2433,Smart
Basic,Smart,Smart,,,,182,Smart
Smart,Smart,Smart,Smart,,,4020,Smart
Smart,Basic,Basic,Smart,,,421,Basic
Basic,Basic,Basic,,,,114,Basic
Basic,Basic,Smart,Smart,Smart,,2374,Basic
Basic,Basic,Basic,Basic,,,1655,Basic
Basic,Smart,Basic,Smart,,,7321,Basic
Basic,Smart,,,,,120,Smart
Basic,Basic,Basic,Basic,Basic,Smart,498,Basic
Smart,Smart,Basic,,,,535,Smart
Smart,Smart,Smart,Basic,Basic,Basic,470,Smart
Smart,Smart,Basic,Basic,Smart,Smart,438,Basic
Smart,Basic,Smart,Smart,,,1211,Smart
Smart,Smart,Smart,Basic,Basic,Basic,222,Basic
Smart,Basic,Basic,Basic,Smart,,2156,Basic
Basic,Basic,Basic,Smart,Smart,,20880,Basic
Basic,Basic,Smart,Basic,Smart,,1006,Smart
Smart,Smart,Smart,Smart,,,1003,Smart
Smart,Smart,Basic,Smart,Smart,Basic,706,Basic
Smart,Basic,Smart,Smart,Smart,,607,Smart
Smart,Smart,Smart,Smart,Smart,Smart,1301,Smart
Basic,Basic,,,,,78,Basic
Basic,Basic,Basic,,,,72,Basic
Smart,Smart,Basic,Smart,,,1050,Smart
Smart,Smart,,,,,310,Smart
Smart,Basic,Smart,Basic,,,227,Smart
Basic,Smart,Basic,Smart,,,280,Smart
Smart,Smart,,,,,3733,Smart
Basic,Basic,,,,,1066,Basic
Smart,Smart,,,,,169,Smart
Basic,Basic,Basic,Basic,,,712,Basic
Smart,Basic,Smart,Basic,Smart,Smart,666,Basic
Basic,Smart,Basic,Smart,Smart,Basic,258,Smart
Smart,Smart,Basic,Basic,,,5470,Smart
Smart,Smart,Smart,Basic,,,5292,Smart
Basic,Smart,Basic,Smart,Smart,,295,Smart
Basic,Basic,Basic,,,,139,Basic
Smart,Smart,Smart,,,,468,Smart
Smart,Smart,Basic,Basic,Smart,Smart,1322,Smart
Basic,Basic,Basic,,,,409,Basic
Smart,Smart,,,,,165,Smart
Smart,Basic,Basic,,,,7348,Basic
Basic,Smart,Basic,,,,285,Basic
Basic,Smart,Smart,Basic,Smart,,854,Smart
Smart,Basic,Basic,,,,1499,Basic
Smart,Smart,Basic,,,,668,Basic
Smart,Basic,,,,,219,Basic
Basic,Smart,Smart,Basic,Basic,,203,Smart
Smart,Smart,Basic,Smart,Basic,Basic,224,Smart
Basic,Basic,Basic,Smart,,,648,Smart
Basic,Basic,Smart,Basic,Basic,,1329,Basic
Basic,Smart,Smart,Basic,,,464,Smart
Smart,Smart,Smart,Basic,Smart,Basic,276,Smart
Basic,Basic,Basic,Smart,Basic,Basic,686,Basic
Smart,Basic,Basic,Smart,Basic,,452,Basic
Smart,Basic,Basic,Basic,,,235,Basic
Smart,Basic,Smart,Smart,Smart,,193,Smart
Basic,Smart,,,,,177,Basic
Smart,Smart,Basic,Basic,Basic,,688,Smart
Basic,Basic,Basic,Smart,Basic,Smart,564,Basic
Basic,Smart,Smart,Basic,,,700,Smart
Basic,Basic,,,,,475,Basic
Basic,Basic,Smart,Basic,Smart,,597,Smart
Smart,Basic,Basic,Smart,Basic,,43069,Basic
Basic,Smart,Smart,,,,469,Basic
Basic,Smart,Smart,Smart,,,1223,Smart
Basic,Basic,Smart,Basic,,,691,Smart
Smart,Basic,Smart,Basic,Basic,Basic,610,Smart
Basic,Basic,Smart,Smart,,,180,Smart
Basic,Basic,Smart,Basic,,,342,Basic
Smart,Smart,Basic,Basic,Basic,,796,Basic
Smart,Basic,Smart,,,,658,Smart
Basic,Smart,Basic,Smart,Smart,,1884,Smart
Basic,Basic,Smart,Smart,Basic,,1138,Basic
Basic,Basic,Basic,Basic,Smart,,1045,Smart
Basic,Smart,Basic,Basic,,,403,Smart
Smart,Smart,Basic,,,,260,Smart
Basic,Basic,Basic,Basic,Smart,,10743,Basic
Basic,Smart,,,,,73,Basic
Basic,Smart,Basic,,,,641,Basic
Smart,Basic,Smart,Basic,Basic,,734,Basic
Smart,Basic,Basic,Basic,,,1039,Smart
Smart,Smart,Basic,,,,1330,Smart
Basic,Basic,Smart,Basic,Basic,Smart,2188,Smart
Basic,Basic,Smart,Smart,,,810,Smart
Basic,Basic,Basic,Smart,Basic,Basic,582,Basic
Smart,Smart,Basic,Basic,Smart,Smart,748,Basic
Basic,Smart,Smart,Smart,Smart,Smart,1696,Smart
Smart,Basic,Basic,Smart,Basic,Smart,159,Smart
Smart,Basic,Basic,Basic,Basic,Basic,11342,Basic
Basic,Basic,Basic,,,,332,Basic
Smart,Smart,Smart,Basic,,,543,Smart
Smart,Smart,Smart,,,,724,Smart
Basic,Basic,Basic,Smart,,,172,Smart
Smart,Basic,Basic,Basic,Smart,,777,Smart
Basic,Basic,Basic,Smart,Smart,Basic,458,Basic
Smart,Basic,Smart,Smart,Smart,Basic,1369,Basic
Smart,Basic,Smart,Smart,,,268,Smart
Smart,Smart,Basic,Basic,,,1166,Smart
Smart,Basic,Basic,Smart,Smart,,1031,Smart
Basic,Basic,Basic,Smart,,,1308,Basic
Basic,Smart,,,,,492,Basic
Basic,Smart,Smart,Smart,Basic,Smart,364,Smart
Basic,Basic,,,,,369,Basic
Smart,Smart,Smart,Smart,Basic,Basic,391,Smart
Smart,Smart,Basic,Basic,Smart,,5002,Basic
Basic,Smart,Smart,Basic,Smart,Basic,1956,Basic
Smart,Basic,Basic,,,,441,Smart
Basic,Basic,Smart,,,,1752,Basic
Smart,Basic,Basic,Smart,Basic,,3333,Smart
Basic,Smart,,,,,171,Smart
Basic,Basic,,,,,123,Basic
Basic,Smart,,,,,156,Basic
Basic,Basic,Smart,Smart,Smart,,777,Smart
Basic,Basic,,,,,387,Basic
Basic,Smart,Basic,Basic,Smart,Smart,453,Basic
Smart,Basic,,,,,60,Basic
Smart,Basic,Smart,Basic,Smart,Basic,275,Smart
Smart,Smart,Smart,Smart,Smart,Basic,1490,Smart
Basic,Smart,Smart,Smart,Smart,,551,Smart
Smart,Smart,Basic,Smart,Smart,Basic,457,Smart
Smart,Basic,Basic,Smart,Smart,Smart,570,Smart
Smart,Smart,Basic,Basic,Basic,Basic,624,Smart
Smart,Basic,,,,,78,Smart
Smart,Basic,Basic,Basic,,,7589,Smart
Smart,Smart,Basic,,,,1697,Smart
Basic,Smart,Basic,Basic,Smart,Basic,308,Smart
Basic,Smart,Basic,Smart,Smart,,2711,Smart
Basic,Basic,Basic,,,,28186,Basic
Basic,Smart,Smart,Smart,Basic,Basic,419,Smart
Basic,Smart,Smart,,,,359,Smart
Smart,Smart,Smart,Smart,Smart,,2814,Smart
Basic,Smart,Smart,Smart,Smart,,3709,Smart
Smart,Basic,Basic,,,,962,Smart
Smart,Basic,Smart,Basic,,,878,Smart
Smart,Basic,,,,,150,Basic
Smart,Smart,Basic,,,,22930,Smart
Basic,Smart,Smart,,,,187,Smart
Smart,Smart,Smart,Basic,,,807,Smart
Smart,Smart,Smart,Basic,Smart,,569,Smart
Smart,Smart,Smart,,,,271,Smart
Basic,Smart,,,,,723,Smart
Smart,Smart,Basic,Smart,Basic,Basic,322,Basic
Smart,Smart,,,,,180,Smart
Smart,Smart,Basic,Basic,Smart,Basic,708,Basic
Smart,Smart,Basic,Basic,Basic,,1147,Smart
Basic,Basic,Smart,Basic,Smart,Basic,261739,Basic
Basic,Smart,Basic,Basic,,,1132,Smart
Smart,Smart,Basic,Basic,Smart,Smart,1240,Smart
Basic,Basic,Basic,Smart,Basic,,1090,Smart
Basic,Smart,,,,,1102,Basic
Smart,Smart,Basic,,,,860,Smart
Basic,Basic,Smart,,,,35728,Basic
Basic,Basic,Basic,Smart,Smart,,3122,Smart
Smart,Smart,,,,,351,Smart
Smart,Basic,,,,,156,Basic
Smart,Smart,Basic,Smart,,,471,Smart
Basic,Basic,Smart,Smart,Smart,Basic,681,Smart
Basic,Smart,Basic,,,,10125,Basic
Smart,Smart,Basic,,,,3859,Smart
Basic,Basic,,,,,66,Basic
Basic,Smart,Smart,Basic,Basic,,4600,Basic
Basic,Smart,Smart,Basic,,,1269,Smart
Basic,Basic,Smart,Smart,Basic,Basic,1538,Basic
Basic,Smart,Smart,Smart,Smart,Basic,348,Smart
Smart,Basic,Basic,,,,9212,Basic
Smart,Basic,,,,,54,Smart
Smart,Smart,Smart,,,,574,Smart
Smart,Basic,Smart,Smart,Smart,Smart,22849,Smart
Basic,Basic,Smart,Smart,Basic,Basic,447,Smart
Basic,Smart,Basic,Smart,,,2299,Smart
Smart,Smart,Basic,,,,174,Smart
Smart,Smart,Smart,Smart,Basic,,762,Smart
Basic,Basic,Basic,,,,170,Basic
Basic,Basic,Smart,Smart,,,538,Smart
Basic,Smart,,,,,229,Basic
Basic,Basic,Basic,,,,517,Basic
Basic,Basic,Smart,,,,239,Basic
Smart,Basic,,,,,69,Smart
Smart,Smart,,,,,406,Smart
Smart,Smart,Smart,Basic,Smart,,1119,Smart
Basic,Basic,Smart,,,,761,Smart
Basic,Smart,Smart,Basic,Basic,Smart,526,Smart
Basic,Basic,Basic,,,,17676,Basic
Basic,Smart,Basic,Smart,Basic,,642,Smart
Basic,Basic,Basic,,,,50762,Basic
Basic,Basic,Smart,Basic,Basic,Smart,238,Smart
Basic,Smart,Basic,,,,246,Basic
Basic,Basic,Smart,Basic,,,3444,Basic
Basic,Basic,,,,,198,Basic
Smart,Basic,,,,,48,Basic
Smart,Basic,Smart,Basic,Smart,Basic,336,Smart
Smart,Basic,Smart,Smart,Basic,Smart,4829,Smart
Basic,Basic,Basic,Smart,Smart,Smart,731,Basic
Smart,Basic,Basic,,,,186,Basic
Smart,Smart,Smart,Smart,,,218,Smart
Smart,Basic,Basic,Smart,Basic,,169,Smart
Smart,Smart,Smart,Smart,Smart,,1278,Smart
Basic,Smart,Smart,Smart,Smart,Smart,441,Smart
Smart,Smart,Smart,Smart,Basic,,725,Smart
Basic,Basic,Basic,Smart,,,703,Smart
Smart,Smart,Basic,,,,532,Smart
Basic,Basic,Smart,Smart,Smart,Basic,520,Smart
Basic,Basic,Smart,Basic,Smart,,1919,Smart
Basic,Smart,Smart,Smart,,,377,Basic
Basic,Smart,Smart,Smart,Basic,Smart,3639,Smart
Basic,Smart,,,,,303,Basic
Basic,Basic,Smart,Smart,Smart,Smart,154,Smart
Smart,Basic,Basic,,,,391,Smart
Smart,Smart,Basic,Basic,Basic,,715,Smart
Smart,Basic,Basic,Smart,Basic,,411,Smart
Basic,Smart,Smart,,,,3877,Smart
Smart,Basic,Smart,Smart,Smart,,481,Smart
Basic,Smart,Basic,Smart,,,5730,Smart
Basic,Smart,,,,,183,Smart
Smart,Basic,Smart,Basic,Basic,Smart,990,Smart
Basic,Basic,Basic,Basic,,,2763,Basic
Smart,Smart,Basic,Basic,Smart,Smart,306,Smart
Smart,Smart,Basic,Smart,Basic,,699,Basic
Basic,Basic,,,,,99,Basic
Smart,Smart,Smart,Basic,Basic,Basic,544,Smart
Smart,Basic,,,,,90,Smart
Basic,Basic,Basic,Smart,,,3489,Smart
Basic,Smart,Smart,Basic,Smart,,501,Smart
Smart,Basic,Smart,Smart,Basic,Basic,559,Basic
Smart,Basic,Basic,Basic,,,1197,Smart
Basic,Smart,,,,,165,Smart
Basic,Smart,Basic,Basic,Basic,,383,Smart
Smart,Smart,Basic,Smart,Basic,,4805,Smart
Smart,Basic,Smart,Smart,,,1015,Smart
Basic,Basic,,,,,45,Basic
Basic,Basic,Smart,Basic,Smart,Smart,452,Smart
Smart,Basic,Smart,Basic,Basic,Smart,629,Basic
Smart,Smart,,,,,331,Smart
Basic,Smart,Smart,Smart,,,254,Smart
Basic,Basic,Smart,Basic,Smart,Basic,983,Basic
Basic,Basic,Smart,Smart,Smart,,1471,Smart
Smart,Basic,Basic,Smart,Smart,,1185,Smart
Basic,Smart,Smart,Smart,Smart,Basic,490,Smart
Smart,Basic,Basic,Smart,Smart,Basic,877,Smart
Basic,Basic,Basic,Smart,Basic,,557,Smart
Smart,Smart,Basic,Basic,,,625,Basic
Smart,Smart,Smart,Basic,,,12808,Smart
Smart,Basic,Basic,,,,191,Basic
Basic,Smart,Smart,,,,355,Smart
Basic,Smart,,,,,132,Smart
Smart,Smart,Smart,,,,300,Smart
Basic,Basic,Smart,,,,6942,Basic
Smart,Basic,Smart,Smart,,,1004,Smart
Smart,Basic,Basic,,,,103962,Basic
Basic,Smart,,,,,411,Smart
Basic,Smart,,,,,132,Basic
Smart,Basic,Basic,,,,599,Basic
Basic,Basic,Basic,Basic,Basic,,308,Basic
Basic,Basic,,,,,261,Basic
Smart,Basic,Basic,Basic,Smart,,584,Smart
Basic,Smart,Basic,,,,212,Basic
Smart,Smart,,,,,162,Smart
Smart,Smart,,,,,357,Smart
Smart,Basic,Smart,Basic,Basic,Smart,733,Smart
Basic,Basic,,,,,72,Basic
Smart,Basic,Smart,Basic,Smart,Smart,1663,Smart
Smart,Smart,Smart,,,,5667,Smart
Basic,Basic,,,,,268,Basic
Basic,Basic,Smart,Smart,,,458,Smart
Basic,Basic,,,,,67,Basic
Smart,Smart,Basic,Smart,Smart,,5790,Smart
Basic,Basic,Smart,Basic,,,485,Smart
Smart,Basic,Basic,Basic,Smart,,702,Smart
Basic,Smart,Basic,,,,293164,Basic
Smart,Smart,,,,,319,Smart
Smart,Smart,Smart,Smart,Smart,,385,Smart
Smart,Smart,Basic,,,,421,Basic
Basic,Basic,Basic,Basic,,,1678,Basic
Basic,Basic,Basic,Basic,Smart,,1142,Smart
Basic,Smart,Smart,Basic,Smart,,65171,Smart
Smart,Basic,Smart,Basic,Basic,Basic,989,Smart
Basic,Smart,Basic,Basic,,,99,Basic
Smart,Basic,Smart,Basic,Basic,Basic,130,Basic
Smart,Smart,,,,,93,Smart
Smart,Smart,,,,,880,Smart
Basic,Smart,Basic,,,,1618,Basic
Basic,Smart,Basic,Smart,Smart,Smart,1843,Smart
Basic,Smart,Smart,Basic,Smart,,999,Basic
Smart,Basic,Basic,Smart,Basic,Basic,1227,Smart
Basic,Smart,Smart,Basic,Basic,,375,Smart
Smart,Basic,Basic,Smart,Smart,,405,Basic
Smart,Smart,Smart,Smart,,,569,Smart
Basic,Basic,Smart,Basic,,,11335,Basic
Smart,Smart,Smart,,,,292,Smart
Smart,Basic,,,,,153,Basic
Basic,Basic,Basic,,,,1282,Basic
Basic,Basic,Basic,Basic,,,2558,Basic
Basic,Smart,Smart,Basic,,,825,Basic
Smart,Smart,Basic,Basic,,,600,Smart
Basic,Smart,Basic,Smart,Smart,Smart,780,Smart
Smart,Smart,Basic,Smart,Smart,Smart,1639,Smart
Smart,Smart,Smart,,,,4650,Smart
Smart,Smart,Basic,Basic,Smart,,421,Smart
Basic,Smart,Smart,Basic,,,152,Basic
Basic,Smart,Smart,,,,160,Smart
Smart,Basic,Smart,Basic,Basic,,3543,Smart
Smart,Smart,Basic,Basic,Basic,,436,Smart
Basic,Basic,Smart,Basic,Basic,Basic,144,Basic
Basic,Basic,,,,,409,Basic
Basic,Basic,Basic,Basic,Smart,,15329,Basic
Smart,Basic,,,,,1017,Smart
Basic,Smart,Basic,,,,3357,Smart
Basic,Basic,Smart,Basic,Smart,Smart,1102,Smart
Basic,Smart,,,,,505,Smart
Basic,Basic,Basic,Smart,Basic,Smart,557,Basic
Smart,Basic,Smart,Basic,Basic,,861,Smart
Smart,Basic,Basic,Basic,Smart,,355,Smart
Basic,Basic,Basic,Smart,,,290,Smart
Smart,Smart,,,,,363,Smart
Basic,Smart,,,,,183,Smart
Basic,Smart,,,,,51,Basic
Smart,Smart,Smart,,,,676,Smart
Basic,Basic,Smart,Smart,,,474,Basic
Smart,Basic,Smart,Smart,,,414,Smart
Basic,Basic,,,,,51,Basic
Basic,Smart,Basic,,,,61495,Basic
Basic,Basic,Smart,,,,212,Smart
Smart,Smart,Basic,Basic,Basic,Smart,242,Smart
Basic,Basic,Smart,,,,20059,Basic
Smart,Smart,Smart,Basic,Smart,,424,Basic
Basic,Basic,Smart,Basic,,,378,Smart
Basic,Smart,Basic,Basic,,,2257,Basic
Basic,Smart,Basic,Smart,,,783,Smart
Basic,Basic,Smart,,,,6699,Basic
Smart,Smart,Smart,Basic,Smart,,1237,Smart
Basic,Basic,Basic,Smart,,,4675,Smart
Basic,Smart,Basic,Smart,,,100,Basic
Basic,Basic,Smart,Basic,Basic,,484,Basic
Basic,Smart,Basic,Smart,,,1306,Smart
Basic,Basic,,,,,67,Basic
Smart,Smart,Smart,Smart,Smart,,3309,Smart
Smart,Basic,Basic,Basic,,,70,Basic
Smart,Basic,Smart,Basic,Basic,,1735,Smart
Basic,Smart,Basic,Smart,Smart,Basic,20412,Smart
Basic,Basic,Smart,Basic,,,4243,Basic
Basic,Basic,Smart,Basic,Smart,,328,Smart
Basic,Basic,Smart,Basic,,,454,Basic
Basic,Smart,Basic,,,,577,Smart
Smart,Smart,Basic,,,,97990,Smart
Smart,Smart,Smart,Smart,Basic,,880,Smart
Smart,Smart,Smart,Smart,Basic,,1284,Smart
Basic,Smart,Smart,Smart,Smart,Basic,327,Smart
Basic,Basic,,,,,244,Basic
Basic,Basic,Basic,Smart,Smart,Basic,459,Basic
Smart,Basic,Basic,,,,319,Basic
Smart,Basic,Basic,Smart,,,160,Smart
Basic,Basic,Basic,Basic,Basic,,6555,Basic
Basic,Smart,Basic,Basic,Basic,,1378,Smart
Smart,Basic,Basic,Smart,Smart,,1015,Smart
Smart,Smart,Smart,Basic,Smart,,311,Smart
Basic,Basic,Basic,Basic,Basic,,36223,Basic
Smart,Smart,,,,,144,Smart
Smart,Basic,,,,,78,Smart
Smart,Basic,Smart,,,,319,Smart
Smart,Basic,,,,,150,Smart
Smart,Smart,Basic,Smart,Basic,,810,Smart
Smart,Smart,Smart,Smart,Smart,,2955,Smart
Basic,Basic,Smart,Smart,,,785,Smart
Basic,Smart,Basic,Smart,Smart,Smart,240,Basic
Basic,Basic,Basic,Smart,Basic,,295,Smart
Smart,Smart,Smart,Smart,Smart,Smart,1957,Smart
Smart,Smart,Basic,Basic,Smart,,700,Basic
Smart,Basic,Smart,Basic,,,15599,Basic
Basic,Smart,Smart,Smart,Basic,Basic,1556,Smart
Basic,Smart,,,,,96,Smart
Basic,Smart,Smart,Basic,Smart,Smart,700,Smart
Smart,Basic,Basic,Basic,Basic,,1004,Basic
Basic,Basic,Smart,Basic,,,11290,Basic
Basic,Smart,Basic,Basic,Basic,Basic,1449,Smart
Basic,Smart,Smart,Basic,,,189,Smart
Basic,Smart,Smart,Basic,Basic,Basic,46,Smart
Basic,Basic,Smart,Smart,,,290,Smart
Smart,Smart,Basic,Basic,Basic,Smart,728,Smart
Smart,Smart,Smart,Smart,Smart,,10420,Smart
Smart,Smart,Basic,Smart,Basic,Smart,575,Smart
Smart,Basic,Basic,,,,117279,Basic
Smart,Basic,Basic,Smart,Basic,Smart,328,Smart
Basic,Smart,Smart,Basic,,,323,Basic
Smart,Smart,Smart,,,,1312,Smart
Basic,Smart,,,,,82,Smart
Smart,Smart,Smart,,,,350,Smart
Smart,Basic,Smart,Basic,Basic,,24974,Basic
Smart,Basic,Smart,Smart,,,251,Smart
Smart,Basic,,,,,1111,Smart
Basic,Basic,Basic,,,,79,Basic
Basic,Smart,Basic,Basic,,,49839,Basic
Basic,Smart,Smart,,,,226,Smart
Basic,Basic,Basic,Basic,Basic,Smart,199,Smart
Smart,Basic,Smart,Smart,Smart,,7495,Smart
Basic,Basic,Basic,Basic,Basic,,3178,Basic
Basic,Basic,,,,,82,Basic
Basic,Smart,Basic,Smart,Smart,Basic,301,Basic
Smart,Basic,Basic,Basic,Basic,Smart,744,Smart
Smart,Basic,Smart,Basic,Smart,,1440,Smart
Basic,Basic,Smart,Smart,Smart,Basic,2235,Smart
Smart,Basic,Basic,Basic,Basic,,289,Basic
Basic,Smart,,,,,102,Basic
Basic,Smart,Smart,Smart,Smart,,2818,Smart
Smart,Smart,Smart,Basic,Basic,Basic,606,Basic
Smart,Basic,,,,,76,Smart
Basic,Basic,Basic,,,,202,Basic
Basic,Smart,Basic,,,,4581,Smart
Smart,Smart,Smart,Basic,,,482,Smart
Basic,Smart,,,,,60,Smart
Smart,Smart,Smart,Smart,Smart,Basic,802,Smart
Basic,Basic,Basic,,,,102,Basic
Basic,Smart,Basic,Basic,Basic,,5311,Basic
Basic,Basic,Basic,,,,16666,Basic
Smart,Basic,Smart,Smart,Basic,,936,Smart
Smart,Smart,Basic,,,,610,Smart
Basic,Basic,Basic,Smart,Smart,Basic,945,Basic
Basic,Smart,Smart,,,,579,Smart
Basic,Smart,Smart,Smart,,,230,Smart
Smart,Basic,Smart,,,,1594,Smart
Smart,Smart,Basic,,,,801,Smart
Smart,Smart,Smart,Basic,Basic,,1367,Basic
Smart,Smart,Smart,Basic,,,256,Smart
Smart,Smart,Basic,Basic,Basic,Smart,174,Smart
Basic,Basic,Basic,Basic,Basic,Basic,4452,Basic
Basic,Smart,Basic,Basic,Basic,,4038,Basic
Smart,Smart,Smart,Basic,Smart,Basic,712,Smart
Smart,Basic,,,,,96,Smart
Basic,Smart,,,,,138,Basic
Basic,Basic,Basic,Basic,,,14899,Basic
Basic,Smart,Basic,Smart,Smart,Basic,354,Basic
Smart,Basic,Basic,Smart,Smart,,346,Smart
Basic,Basic,Basic,Basic,Smart,,1729,Basic
Smart,Smart,Basic,Smart,,,760,Smart
Smart,Smart,Basic,Smart,Smart,Smart,2046,Smart
Smart,Basic,Smart,Smart,Basic,Basic,667,Smart
Basic,Basic,Smart,Basic,Smart,,543,Smart
Smart,Basic,,,,,313,Smart
Basic,Smart,,,,,102,Smart
Smart,Smart,Basic,Basic,Smart,Smart,1959,Smart
Smart,Smart,Smart,,,,346,Smart
Smart,Smart,Smart,Smart,,,2759,Smart
Basic,Basic,Basic,Basic,Smart,,2539,Smart
Basic,Smart,Basic,Smart,Smart,Smart,670,Smart
Smart,Smart,,,,,3771,Smart
Basic,Basic,Basic,Smart,,,466,Smart
Smart,Smart,Smart,Basic,Basic,Basic,786,Smart
Smart,Basic,Basic,Basic,Basic,,9585,Basic
Basic,Smart,Smart,Smart,Smart,,520,Smart
Basic,Smart,Smart,,,,723,Smart
Basic,Smart,Smart,Smart,Basic,,485,Smart
Smart,Basic,,,,,634,Basic
Smart,Basic,,,,,307,Smart
Basic,Smart,Basic,Basic,Smart,,502,Basic
Smart,Basic,Basic,,,,1287,Smart
Smart,Smart,Basic,Basic,Smart,,2142,Basic
Basic,Basic,Basic,Smart,,,724,Smart
Basic,Smart,,,,,550,Basic
Smart,Smart,Smart,Smart,Smart,Smart,894,Smart
Smart,Basic,Basic,Smart,Smart,,447,Smart
Smart,Basic,Smart,Basic,,,415,Smart
Basic,Basic,Basic,Basic,Basic,,32749,Basic
Basic,Smart,Basic,Smart,Smart,Basic,648,Smart
Basic,Smart,Basic,Smart,Smart,Smart,3283,Smart
Basic,Smart,Smart,,,,509,Smart
Basic,Smart,,,,,105,Basic
Basic,Smart,,,,,66,Basic
Basic,Basic,Basic,,,,95,Basic
Smart,Basic,Smart,,,,302,Smart
Basic,Basic,,,,,141,Basic
Basic,Basic,Basic,,,,61156,Basic
Basic,Basic,,,,,213,Basic
Smart,Smart,Basic,,,,204,Smart
Basic,Basic,Smart,,,,28338,Basic
Smart,Smart,Basic,Smart,Basic,Basic,819,Smart
Basic,Basic,Basic,Basic,Basic,Basic,360,Basic
Smart,Basic,Smart,Basic,Smart,Smart,2938,Smart
Smart,Basic,,,,,334,Smart
Basic,Smart,Basic,Basic,,,725,Smart
Basic,Smart,Basic,Smart,,,336,Smart
Basic,Smart,,,,,57,Basic
Smart,Basic,Basic,Smart,Smart,Smart,315,Basic
Basic,Smart,Smart,Basic,Smart,,419,Smart
Smart,Smart,Smart,Smart,Smart,,1522,Smart
Smart,Basic,Smart,Basic,Basic,Basic,889,Smart
Basic,Smart,Basic,Basic,,,291,Basic
Basic,Basic,Basic,Smart,Basic,,840,Basic
Basic,Basic,Basic,,,,124,Basic
Basic,Smart,,,,,102,Basic
Smart,Smart,,,,,229,Smart
Smart,Basic,Basic,Smart,Smart,,14796,Basic
Smart,Basic,Smart,Smart,Basic,Basic,2103,Basic
Smart,Smart,Smart,,,,1368,Smart
Basic,Basic,Smart,Basic,Smart,,660,Smart
Basic,Smart,Basic,,,,9816,Basic
Smart,Basic,Smart,Smart,Basic,,268,Smart
Basic,Basic,Basic,,,,115822,Basic
Smart,Smart,Smart,Basic,Smart,,871,Smart
Basic,Smart,Basic,Basic,Basic,Smart,358,Basic
Basic,Smart,Basic,,,,4464,Smart
Smart,Basic,Smart,Smart,Smart,,318,Smart
Basic,Smart,Basic,Basic,Smart,Basic,630,Smart
Smart,Smart,Smart,Smart,Basic,Smart,2683,Smart
Smart,Basic,Basic,Basic,Basic,Smart,2079,Basic
Smart,Smart,Basic,Smart,Basic,,303,Smart
Basic,Smart,Basic,Basic,,,1900,Smart
Basic,Basic,,,,,283,Basic
Smart,Basic,,,,,202,Basic
Smart,Smart,,,,,150,Smart
Basic,Basic,Smart,Basic,Smart,Smart,2769,Smart
Basic,Smart,Smart,Basic,Basic,Basic,623,Smart
Smart,Smart,Basic,Basic,,,574,Basic
Basic,Smart,Basic,Smart,Basic,,1537,Basic
Basic,Smart,Basic,Basic,Smart,Basic,1208,Smart
Basic,Smart,Basic,Basic,,,1114,Smart
Smart,Smart,,,,,603,Smart
Smart,Smart,Smart,Basic,,,1084,Smart
Basic,Basic,Basic,Smart,,,129,Basic
Basic,Smart,Basic,,,,1513,Smart
Smart,Smart,Basic,,,,717,Smart
Basic,Smart,Basic,,,,288,Basic
Smart,Basic,Basic,Basic,Basic,,5493,Basic
Basic,Basic,Smart,Smart,Basic,,674,Smart
Smart,Basic,Smart,Smart,Smart,,651,Smart
Basic,Smart,,,,,114,Smart
Basic,Smart,Smart,Smart,Basic,Basic,946,Smart
Smart,Basic,Basic,Smart,,,405,Smart
Basic,Smart,Basic,,,,511,Smart
Smart,Smart,,,,,300,Smart
Smart,Smart,Basic,Smart,Smart,,251,Smart
Basic,Smart,Basic,Smart,Smart,,879,Smart
Basic,Smart,Smart,Smart,Basic,,504,Smart
Smart,Basic,,,,,631,Smart
Basic,Basic,Basic,Smart,Smart,Smart,777,Basic
Basic,Basic,Basic,,,,54711,Basic
Smart,Smart,Smart,Smart,Basic,Basic,960,Basic
Smart,Basic,Basic,Basic,Smart,,2118,Smart
Basic,Basic,Basic,,,,9875,Basic
Smart,Smart,Basic,Basic,,,179,Basic
Smart,Basic,,,,,84,Basic
Basic,Basic,Smart,Smart,,,3444,Smart
Smart,Basic,Basic,Smart,,,412,Basic
Smart,Basic,Smart,Basic,,,505,Smart
Basic,Basic,Basic,,,,23932,Basic
Basic,Basic,Smart,,,,18098,Basic
Smart,Smart,Basic,Smart,Basic,Smart,153,Basic
Basic,Smart,Basic,Basic,,,1345,Basic
Basic,Smart,Basic,,,,273,Smart
Basic,Basic,Basic,Smart,Basic,,12747,Basic
Smart,Smart,Smart,,,,382,Smart
Smart,Basic,Basic,Basic,Basic,,258,Basic
Basic,Basic,Basic,,,,1086,Basic
Smart,Basic,Smart,Smart,Basic,Smart,811,Smart
Smart,Smart,Basic,Smart,Smart,,547,Basic
Smart,Basic,,,,,70,Smart
Basic,Basic,Smart,Basic,Smart,Smart,3123,Basic
Smart,Smart,Smart,Basic,,,516,Smart
Basic,Basic,Smart,,,,2506,Smart
Basic,Basic,,,,,102,Basic
Smart,Smart,,,,,1002,Smart
Smart,Smart,Smart,Basic,,,410,Smart
Smart,Smart,Smart,Smart,Basic,,797,Smart
Basic,Smart,Smart,Smart,,,142006,Smart
Smart,Smart,Basic,,,,167,Smart
Smart,Basic,Basic,Smart,Basic,Smart,1108,Smart
Basic,Basic,Basic,Basic,Smart,Basic,2118,Smart
Basic,Basic,,,,,48,Basic
Smart,Basic,Basic,,,,598,Basic
Smart,Smart,Smart,Smart,Smart,Smart,2436,Smart
Smart,Smart,Smart,,,,2327,Smart
Basic,Basic,Basic,Basic,Smart,,7523,Basic
Smart,Basic,,,,,219,Smart
Basic,Smart,Basic,,,,243,Smart
Basic,Basic,,,,,99,Basic
Smart,Smart,Basic,Basic,Smart,,2059,Smart
Basic,Smart,Basic,,,,129,Basic
Smart,Smart,Basic,Basic,Smart,Basic,533,Smart
Smart,Smart,Basic,Smart,Basic,Basic,633,Smart
Smart,Basic,Smart,Smart,Smart,Basic,9107,Smart
Smart,Smart,Smart,Smart,Smart,Basic,647,Smart
Basic,Smart,Basic,,,,138,Basic
Smart,Smart,Smart,,,,391,Smart
Basic,Basic,Basic,Basic,Smart,Basic,864,Smart
Basic,Basic,Basic,Smart,,,3468,Basic
Smart,Basic,Basic,Basic,,,704,Smart
Basic,Basic,Basic,,,,211,Basic
Basic,Smart,Basic,Smart,Basic,,314,Basic
Smart,Smart,Basic,,,,602,Basic
Smart,Basic,Basic,Smart,,,695,Smart
Smart,Smart,Basic,Basic,,,1823,Smart
Basic,Basic,Smart,Basic,,,2234,Smart
Smart,Smart,Smart,,,,140,Smart
Basic,Basic,Smart,Basic,Smart,,914,Smart
Basic,Basic,Basic,Basic,Smart,,432,Basic
Smart,Basic,Smart,,,,5042,Smart
Basic,Basic,Smart,,,,135,Basic
Smart,Basic,Smart,Smart,,,627,Smart
Smart,Smart,Basic,Smart,,,668,Smart
Basic,Smart,Smart,,,,422,Smart
Smart,Basic,Smart,Smart,Basic,,570,Smart
Smart,Basic,Basic,,,,447,Smart
Smart,Smart,Smart,,,,321,Smart
Basic,Basic,,,,,304,Basic
Basic,Smart,Smart,Basic,Basic,,779,Smart
Smart,Basic,Smart,Smart,,,849,Smart
Basic,Smart,Basic,Smart,Basic,,3444,Smart
Smart,Basic,Basic,,,,407,Smart
Basic,Basic,,,,,409,Basic
Smart,Smart,Basic,Basic,,,454,Basic
Basic,Smart,Basic,Basic,Smart,Basic,991,Smart
Smart,Smart,Smart,Smart,Basic,Smart,864,Basic
Smart,Smart,Basic,Basic,,,2382,Smart
Smart,Basic,,,,,105,Basic
Smart,Basic,Smart,Smart,Basic,Basic,700,Basic
Basic,Smart,Smart,Smart,Smart,Basic,44854,Basic
Basic,Basic,Basic,Basic,Basic,Basic,434,Basic
Smart,Smart,Basic,,,,416,Basic
Basic,Basic,Basic,Smart,Basic,Smart,682,Basic
Basic,Smart,Smart,Smart,,,915,Smart
Smart,Smart,Smart,Basic,Basic,Basic,927,Smart
Basic,Smart,Basic,Basic,Basic,Basic,372,Smart
Smart,Smart,Smart,,,,2934,Smart
Basic,Basic,Basic,Smart,,,1014,Basic
Basic,Smart,,,,,123,Basic
Basic,Basic,Smart,Smart,Smart,,1680,Smart
Basic,Basic,Basic,Basic,,,11837,Basic
Smart,Smart,Basic,Smart,Smart,Smart,838,Smart
Smart,Smart,,,,,786,Smart
Basic,Smart,,,,,231,Smart
Basic,Smart,Smart,Basic,Basic,Basic,162,Smart
Smart,Basic,Smart,,,,366,Smart
Basic,Smart,Basic,Basic,Smart,Smart,900,Basic
Smart,Smart,Basic,Smart,Smart,,783,Basic
Basic,Basic,,,,,171,Basic
Smart,Basic,Basic,Basic,Smart,Basic,2271,Basic
Smart,Smart,Smart,Smart,Basic,Smart,8998,Smart
Smart,Basic,Basic,Basic,Smart,Smart,701,Smart
Basic,Basic,,,,,135,Basic
Smart,Smart,Smart,,,,1915,Smart
Smart,Basic,Basic,,,,393,Smart
Smart,Basic,,,,,135,Smart
Smart,Smart,Smart,Smart,Smart,,374,Smart
Smart,Basic,,,,,213,Smart
Basic,Smart,Basic,,,,450,Smart
Basic,Basic,,,,,88,Basic
Smart,Smart,Smart,Basic,Smart,Basic,277,Smart
Smart,Smart,Basic,Smart,,,2034,Basic
Smart,Basic,Basic,Basic,Smart,,379,Smart
Smart,Smart,,,,,114,Smart
Smart,Smart,Basic,Basic,Smart,Smart,1372,Smart
Basic,Smart,,,,,42,Smart
Basic,Smart,Smart,,,,288,Smart
Basic,Basic,Basic,Smart,Smart,Smart,282,Basic
Basic,Basic,,,,,75,Basic
Basic,Smart,Smart,,,,283,Smart
Basic,Smart,,,,,99,Basic
Basic,Basic,Smart,Basic,Basic,,938,Basic
Basic,Basic,,,,,115,Basic
Basic,Basic,,,,,36,Basic
Basic,Smart,Smart,Basic,Basic,Smart,188,Basic
Basic,Basic,Basic,,,,89,Basic
Smart,Basic,Basic,Basic,Smart,,376,Basic
Basic,Smart,Basic,Basic,,,169,Basic
Basic,Smart,,,,,382,Smart
Smart,Basic,Smart,Smart,Basic,Smart,507,Basic
Smart,Basic,Basic,,,,202,Basic
Basic,Basic,Basic,Basic,Smart,Basic,495,Smart
Basic,Smart,Smart,,,,423,Smart
Basic,Smart,Smart,,,,191,Smart
Smart,Basic,Basic,Basic,Smart,,1285,Smart
Smart,Basic,Smart,Smart,Basic,Smart,508,Smart
Smart,Basic,Smart,Smart,,,325,Smart
Smart,Basic,Basic,,,,421,Smart
Smart,Basic,Smart,,,,267,Smart
Smart,Basic,Smart,,,,36555,Smart
Basic,Smart,Basic,,,,238,Basic
Smart,Smart,Smart,Smart,Smart,,1021,Smart
Smart,Basic,Smart,Smart,,,388,Smart
Basic,Basic,Smart,,,,475,Smart
Basic,Basic,Smart,,,,154,Smart
Smart,Smart,Basic,Smart,Basic,Basic,24770,Basic
Smart,Smart,,,,,222,Smart
Smart,Basic,Basic,Basic,Basic,,1425,Basic
Basic,Basic,Smart,,,,637,Basic
Basic,Basic,Basic,Basic,Smart,Smart,793,Smart
Smart,Basic,Smart,Smart,Smart,,507,Smart
Smart,Basic,Smart,Basic,,,2830,Basic
Smart,Basic,Basic,Basic,,,1790,Basic
Smart,Smart,Basic,,,,288,Basic
Smart,Basic,Smart,Smart,,,553,Smart
Basic,Smart,Smart,Basic,Smart,Basic,487,Smart
Basic,Basic,Basic,Basic,Basic,Smart,1693,Basic
Basic,Basic,Smart,Smart,Smart,Basic,1247,Smart
Smart,Basic,Smart,,,,325,Smart
Smart,Smart,,,,,1345,Smart
Basic,Smart,Smart,Basic,,,1966,Smart
Basic,Smart,Smart,Smart,Smart,,2142,Smart
Basic,Smart,Basic,Smart,Smart,,1391,Smart
Smart,Smart,Basic,Smart,,,766,Smart
Basic,Smart,Smart,Basic,,,373,Smart
Smart,Smart,Smart,Basic,Basic,,267,Smart
Smart,Basic,Basic,Basic,Smart,Smart,1529,Basic
Smart,Basic,Smart,Basic,,,123,Basic
Smart,Basic,Smart,Basic,,,7182,Basic
Smart,Basic,Smart,Basic,,,897,Basic
Smart,Smart,,,,,1257,Smart
Smart,Basic,Basic,,,,192,Smart
Basic,Basic,Smart,Smart,,,254,Smart
Basic,Basic,Smart,Basic,Basic,,685,Basic
Basic,Basic,Smart,Smart,Basic,Basic,183,Smart
Basic,Smart,Smart,Basic,Smart,Basic,238,Smart
Basic,Basic,,,,,105,Basic
Basic,Basic,Smart,Basic,Smart,,259,Smart
Smart,Basic,,,,,78,Smart
Basic,Smart,Smart,Basic,Smart,,284,Smart
Basic,Smart,,,,,165,Basic
Smart,Smart,Smart,Smart,Smart,,1696,Smart
Smart,Smart,,,,,429,Smart
Basic,Smart,Basic,,,,62969,Basic
Basic,Smart,,,,,219,Smart
Basic,Basic,,,,,277,Basic
Smart,Smart,Smart,Basic,Smart,Basic,1514,Smart
Basic,Smart,Smart,Smart,Smart,,1106,Smart
Smart,Smart,Smart,Smart,Basic,Smart,1517,Smart
Basic,Smart,,,,,222,Basic
Basic,Basic,Smart,Smart,Basic,,1920,Basic
Smart,Basic,Basic,Basic,Basic,Basic,734,Smart
Smart,Smart,Smart,Basic,Basic,Smart,464,Smart
Smart,Basic,,,,,106,Smart
Smart,Basic,,,,,121,Basic
Smart,Smart,Basic,Smart,Smart,Basic,847,Smart
Basic,Basic,,,,,67,Basic
Smart,Basic,Basic,Smart,Basic,,751,Smart
Basic,Basic,Basic,Basic,Basic,Basic,919,Basic
Smart,Basic,Smart,Smart,,,8551,Smart
Basic,Smart,Smart,,,,775,Basic
Basic,Smart,Basic,Smart,Smart,Basic,36960,Basic
Basic,Basic,Smart,,,,4326,Basic
Smart,Smart,Smart,Basic,Smart,,1999,Smart
Basic,Basic,Basic,,,,132,Basic
Smart,Basic,,,,,69,Basic
Basic,Basic,,,,,60,Basic
Basic,Basic,Basic,Basic,Smart,Basic,5626,Basic
Basic,Basic,Smart,Smart,Smart,,9142,Smart
Basic,Basic,Basic,Smart,,,502,Basic
Smart,Basic,Basic,Basic,Smart,,4699,Basic
Smart,Basic,,,,,84,Smart
Smart,Basic,,,,,126,Smart
Basic,Smart,Smart,Smart,,,443,Basic
Smart,Basic,Smart,Basic,Smart,,729,Smart
Smart,Basic,,,,,118,Basic
Smart,Smart,Basic,Basic,Smart,,781,Smart
Basic,Smart,Basic,Basic,,,997,Smart
Smart,Smart,Smart,Basic,,,674,Smart
Smart,Smart,Smart,,,,5496,Smart
Basic,Basic,Smart,Smart,Smart,,673,Basic
Basic,Basic,Basic,Smart,Basic,Basic,289,Basic
Basic,Basic,Smart,Basic,,,1996,Basic
Basic,Basic,Basic,,,,97747,Basic
Smart,Basic,Basic,Basic,Smart,Smart,6676,Basic
Basic,Basic,Basic,,,,5060,Basic
Smart,Smart,,,,,921,Smart
Smart,Basic,Basic,Basic,Basic,Basic,891,Basic
Basic,Basic,Basic,Smart,Smart,Smart,616,Basic
Smart,Basic,,,,,54,Basic
Basic,Smart,Smart,,,,214,Smart
Basic,Smart,Basic,,,,474,Smart
Basic,Smart,Smart,Basic,,,1923,Smart
Basic,Basic,,,,,141,Basic
Basic,Basic,Basic,Basic,,,1254,Basic
Basic,Basic,Smart,Smart,Smart,,522,Smart
Smart,Basic,Basic,Smart,Basic,Basic,1696,Smart
Smart,Basic,Smart,Basic,Basic,Smart,566,Basic
Smart,Smart,Smart,,,,207,Smart
Smart,Smart,Basic,Smart,Smart,,262,Smart
Basic,Basic,,,,,519,Basic
Basic,Basic,Basic,,,,121,Basic
Basic,Smart,Smart,Basic,,,594,Smart
Smart,Basic,Smart,Smart,,,635,Basic
Smart,Smart,Basic,Basic,,,385,Basic
Smart,Smart,,,,,115,Smart
Smart,Basic,Basic,Smart,Smart,,1186,Smart
Smart,Smart,Basic,,,,435,Basic
Basic,Basic,Basic,Smart,Basic,,12677,Basic
Basic,Smart,Basic,Basic,,,694,Smart
Basic,Smart,Basic,,,,294,Basic
Smart,Basic,,,,,187,Smart
Basic,Smart,,,,,43,Smart
Smart,Basic,Basic,Basic,Smart,,347,Smart
Smart,Smart,Smart,,,,543,Smart
Basic,Basic,Smart,Smart,,,15997,Basic
Basic,Smart,,,,,153,Basic
Basic,Smart,Basic,Basic,Smart,Basic,302,Smart
Basic,Basic,,,,,355,Basic
Smart,Smart,Basic,,,,505,Smart
Basic,Smart,Smart,Smart,Smart,Basic,538,Smart
Basic,Smart,,,,,724,Basic
Basic,Basic,Smart,,,,129,Basic
Smart,Smart,Smart,Basic,Smart,Smart,1476,Smart
Smart,Smart,Smart,Smart,,,835,Smart
Smart,Smart,,,,,297,Smart
Smart,Basic,Smart,,,,331,Smart
Basic,Smart,Basic,,,,662,Basic
Basic,Smart,Basic,Smart,Basic,Smart,2122,Smart
Basic,Basic,Smart,,,,590,Smart
Basic,Basic,Basic,,,,2295,Basic
Basic,Basic,Smart,Basic,,,9274,Smart
Basic,Smart,Basic,Smart,Smart,Smart,7582,Smart
Basic,Smart,,,,,159,Basic
Basic,Basic,Basic,Smart,,,1149,Basic
Basic,Smart,Smart,Smart,,,648,Basic
Smart,Basic,Smart,Smart,,,762,Smart
Smart,Basic,Smart,Basic,Basic,,2843,Smart
Smart,Smart,Smart,,,,457,Smart
Basic,Smart,Smart,Smart,,,565,Smart
Basic,Basic,Basic,Smart,Smart,,170,Smart
Smart,Basic,Smart,Smart,,,639,Smart
Basic,Basic,Basic,Basic,Basic,,665,Basic
Basic,Smart,Smart,Smart,Smart,,862,Smart
Smart,Smart,Basic,,,,675,Smart
Basic,Basic,Smart,Basic,Basic,,2589,Basic
Smart,Smart,Smart,,,,162,Smart
Smart,Basic,Basic,Smart,Smart,,1743,Basic
Basic,Smart,Smart,Smart,Basic,Smart,1202,Smart
Basic,Smart,Smart,,,,306,Basic
Basic,Basic,Basic,Smart,Smart,Basic,215976,Basic
Basic,Basic,Basic,Smart,Smart,,2499,Smart
Basic,Basic,Smart,Basic,Basic,,126054,Basic
Basic,Smart,Basic,Basic,Basic,Smart,2056,Basic
Smart,Smart,Basic,,,,403,Smart
Basic,Basic,,,,,306,Basic
Smart,Basic,Basic,Basic,Smart,Smart,491,Basic
Basic,Basic,Basic,Smart,Smart,Basic,1476,Smart
Smart,Basic,Smart,Basic,Smart,Basic,531,Smart
Basic,Basic,Basic,Smart,Smart,,1568,Smart
Smart,Basic,Smart,Basic,Basic,Smart,1699,Smart
Smart,Smart,Smart,,,,304,Smart
Smart,Smart,Smart,Smart,Basic,,437,Smart
Smart,Smart,Basic,Smart,Basic,Basic,732,Smart
Smart,Basic,Basic,,,,9049,Basic
Smart,Basic,Smart,Basic,Smart,,18922,Smart
Smart,Smart,Smart,Smart,Smart,,25896,Smart
Basic,Basic,Basic,Basic,Smart,Basic,852,Smart
Smart,Basic,Smart,Basic,Basic,,442,Smart
Smart,Basic,Smart,Basic,Smart,Smart,748,Smart
Smart,Basic,Basic,Basic,Basic,Basic,6492,Basic
Smart,Basic,Basic,Basic,,,1153,Smart
Basic,Smart,Basic,Smart,,,834,Smart
Basic,Smart,,,,,75,Basic
Basic,Basic,Smart,Smart,Basic,Smart,1143,Smart
Basic,Basic,Smart,Smart,Basic,Smart,22221,Basic
Basic,Smart,Smart,Basic,,,168,Smart
Smart,Smart,Smart,Basic,Smart,,6222,Smart
Smart,Basic,Smart,,,,178,Smart
Basic,Smart,Basic,Smart,Smart,Basic,1257,Smart
Smart,Basic,Smart,,,,216,Smart
Basic,Smart,Smart,Basic,,,4324,Smart
Smart,Basic,,,,,327,Smart
Basic,Basic,Basic,,,,13635,Basic
Smart,Smart,Smart,Smart,Smart,Basic,705,Smart
Smart,Basic,Smart,Basic,Basic,Smart,5000,Smart
Smart,Basic,Smart,Basic,,,1290,Smart
Smart,Basic,Basic,Basic,Smart,,287,Smart
Smart,Smart,Basic,Basic,,,449,Smart
Basic,Basic,Basic,Smart,Smart,,420,Smart
