nSmart,nBasic,Rounds,Winner
3,2,532,Smart
2,2,409,Basic
2,0,958,Smart
2,2,309,Basic
1,5,2596,Basic
2,1,139,Smart
2,1,297,Basic
1,1,99,Basic
3,2,114,Smart
1,1,231,Smart
1,4,266,Smart
2,1,408,Smart
2,1,459,Smart
2,3,514,Smart
3,2,348,Smart
2,3,254,Smart
5,1,1769,Smart
0,4,23338,Basic
0,2,451,Basic
3,2,328,Smart
1,3,225,Basic
0,2,63,Basic
1,2,660,Smart
1,2,463,Basic
3,3,198,Smart
4,1,293,Smart
0,3,759,Basic
4,2,214,Smart
2,4,214,Smart
5,1,182,Smart
0,4,5672,Basic
1,1,169,Basic
1,2,13101,Basic
1,2,364,Smart
2,2,586,Basic
4,2,260,Smart
3,2,144,Smart
3,1,149,Smart
2,4,131,Smart
1,1,157,Basic
1,1,61,Basic
2,1,834,Smart
6,0,350,Smart
3,2,368,Smart
1,2,423,Basic
1,1,153,Basic
2,2,943,Smart
2,4,141,Smart
2,3,140,Smart
2,2,118,Smart
3,1,1333,Smart
2,3,198,Smart
2,3,424,Smart
1,3,433,Smart
2,1,197,Smart
0,3,284,Basic
4,2,672,Smart
1,2,189,Smart
2,4,15639,Basic
2,3,365,Smart
2,0,463,Smart
2,4,136,Smart
1,1,57,Basic
3,1,344,Smart
1,2,235,Basic
4,2,904,Basic
0,2,216,Basic
1,1,91,Basic
1,2,192,Basic
2,4,576,Basic
3,0,381,Smart
0,2,493,Basic
2,3,207,Basic
3,2,541,Smart
3,2,278,Basic
1,4,257,Basic
2,4,184,Smart
1,2,181,Basic
4,1,350,Smart
3,2,232,Smart
1,3,64251,Basic
5,1,444,Smart
1,1,123,Basic
1,3,1833,Smart
5,1,291,Smart
1,1,67,Basic
2,4,465,Smart
2,4,1517,Basic
2,2,200,Smart
3,0,481,Smart
1,5,100,Smart
2,0,2251,Smart
0,2,297,Basic
1,1,75,Basic
3,3,1219,Basic
1,5,797,Basic
5,1,986,Smart
3,1,270,Smart
2,0,226,Smart
2,3,735,Smart
3,3,130,Smart
1,3,763,Smart
3,3,343,Basic
3,1,192,Smart
2,1,121,Basic
1,4,229,Smart
1,4,214,Smart
3,0,2662,Smart
2,1,125,Smart
2,0,499,Smart
2,4,89,Smart
0,2,157,Basic
2,3,729,Basic
1,1,564,Smart
3,1,478,Basic
3,3,332,Smart
2,1,872,Smart
2,4,271,Smart
1,3,250,Smart
1,2,30402,Basic
3,3,165,Smart
1,5,4771,Basic
2,0,523,Smart
2,2,255,Smart
3,3,200,Smart
3,1,498,Smart
1,4,1071,Basic
3,3,137,Smart
4,1,284,Smart
3,2,199,Smart
2,1,132,Smart
1,1,100,Basic
2,2,491,Basic
5,1,163,Smart
4,2,336,Smart
3,1,102,Smart
3,1,335,Smart
1,2,328,Smart
1,2,477,Basic
1,4,139629,Basic
2,2,158,Smart
1,1,94,Basic
4,2,506,Smart
1,1,45,Basic
4,2,221,Smart
1,4,384,Basic
1,1,282,Basic
3,2,116,Smart
3,3,401,Smart
1,3,169,Smart
1,1,123,Basic
0,5,4520,Basic
2,2,828,Smart
3,2,240,Basic
4,2,247,Smart
4,2,180,Smart
1,2,810,Basic
4,2,455,Basic
3,3,170,Smart
3,2,273,Smart
5,0,558,Smart
3,1,135,Smart
0,3,3115,Basic
4,2,125,Smart
4,1,393,Basic
3,3,350,Smart
3,0,1146,Smart
4,1,312,Smart
2,1,330,Smart
2,2,284,Smart
2,2,168,Smart
3,2,412,Smart
4,2,283,Smart
0,4,3870,Basic
3,2,100,Basic
0,3,126,Basic
2,3,179,Smart
2,3,469,Basic
1,2,370,Basic
3,1,267,Smart
4,2,181,Smart
2,2,113,Smart
2,1,201,Smart
3,2,649,Smart
2,3,425,Basic
2,1,473,Basic
5,1,417,Smart
3,1,328,Smart
3,1,328,Smart
4,0,1009,Smart
4,1,1597,Basic
0,4,7729,Basic
2,3,124,Basic
2,2,126,Smart
4,1,718,Smart
4,2,336,Smart
1,3,650,Smart
2,2,224,Smart
2,1,629,Basic
0,2,87,Basic
1,1,72,Basic
0,4,438,Basic
2,1,165,Smart
0,3,4595,Basic
4,2,972,Smart
0,4,4174,Basic
2,2,170,Smart
3,1,450,Smart
1,1,115,Basic
3,3,153,Smart
2,2,137,Smart
1,1,129,Basic
2,0,90,Smart
1,4,850,Basic
0,2,123,Basic
0,4,679,Basic
2,1,330,Smart
2,3,2309,Basic
0,4,6729,Basic
1,1,109,Basic
3,2,447,Smart
1,1,87,Basic
2,3,112,Smart
2,2,119,Basic
1,2,295,Smart
1,1,204,Smart
1,3,1297,Smart
0,3,366,Basic
2,1,175,Basic
4,2,1129,Basic
2,2,150,Smart
2,2,448,Smart
1,5,215,Smart
2,2,351,Smart
2,2,176,Smart
2,1,162,Basic
3,2,151,Smart
2,1,123,Basic
0,3,232,Basic
3,3,3291,Basic
0,2,171,Basic
1,1,58,Basic
2,0,354,Smart
2,2,316,Smart
2,1,276,Basic
1,1,84,Basic
1,3,1636,Basic
1,3,184,Smart
3,3,84,Basic
2,3,199,Smart
0,3,398,Basic
3,2,127,Smart
2,0,684,Smart
1,1,42,Basic
4,2,398,Smart
2,2,638,Smart
1,3,1480,Basic
2,0,3507,Smart
2,3,204,Smart
1,3,464,Smart
2,1,206,Smart
3,1,206,Smart
2,3,429,Basic
1,5,71,Smart
2,4,171,Basic
2,2,186,Smart
2,2,231,Smart
2,3,150,Smart
1,2,186,Smart
4,1,163,Smart
5,1,266,Smart
3,3,113,Smart
2,2,134,Smart
3,3,4573,Basic
3,1,133,Smart
2,3,186,Smart
2,3,115,Smart
1,2,154,Basic
1,1,163,Basic
2,3,352,Smart
1,3,3416,Basic
5,0,223,Smart
3,1,401,Smart
3,2,187,Smart
0,2,168,Basic
0,2,144,Basic
0,3,666,Basic
1,1,63,Basic
1,3,750,Basic
2,3,269,Smart
1,3,634,Smart
2,1,209,Smart
1,1,124,Basic
2,3,453,Basic
1,4,535,Basic
2,3,957,Smart
1,1,76,Basic
1,1,208,Basic
1,1,39,Basic
1,2,188,Smart
4,1,250,Smart
3,0,1411,Smart
3,1,412,Smart
1,2,249,Basic
0,2,42,Basic
2,2,628,Basic
4,2,456,Basic
2,4,389,Basic
1,1,465,Smart
3,0,119,Smart
3,2,246,Smart
4,2,170,Smart
1,1,165,Basic
1,1,72,Basic
3,3,204,Smart
2,2,255,Basic
3,1,454,Smart
4,2,105,Smart
3,3,154,Smart
1,3,156,Smart
2,3,5304,Basic
2,1,1051,Smart
2,2,410,Basic
2,0,252,Smart
3,3,130,Smart
1,4,434,Basic
3,3,2456,Smart
0,2,70,Basic
2,2,297,Smart
0,3,6010,Basic
1,3,216,Basic
1,1,60,Basic
3,1,360,Smart
1,4,200,Smart
0,5,8729,Basic
0,3,18787,Basic
1,1,111,Smart
2,3,397,Basic
2,2,391,Smart
3,0,639,Smart
2,4,109,Smart
2,1,201,Smart
1,3,116,Basic
1,3,235,Smart
2,0,139,Smart
1,1,69,Basic
1,2,284,Basic
1,1,39,Basic
4,1,393,Smart
4,2,106,Smart
1,2,177,Smart
2,0,198,Smart
2,0,792,Smart
1,2,195,Smart
2,1,144,Smart
4,1,178,Smart
3,1,363,Smart
1,2,585,Basic
5,1,190,Smart
0,2,112,Basic
1,2,300,Smart
5,1,160,Smart
2,1,347,Smart
1,1,198,Smart
2,4,72649,Basic
1,4,381,Smart
1,1,114,Basic
2,2,971,Smart
2,3,117,Smart
2,1,474,Basic
2,2,721,Smart
3,3,307,Smart
2,2,172,Smart
3,2,165,Smart
3,1,179,Basic
1,1,79,Basic
0,2,129,Basic
0,2,271,Basic
1,1,141,Basic
2,2,144,Smart
2,2,725,Basic
2,2,533,Basic
4,1,167,Smart
1,2,384,Basic
3,0,296,Smart
0,4,339,Basic
2,3,243,Smart
4,2,234,Smart
0,4,1771,Basic
5,1,77,Smart
4,2,204,Smart
1,1,219,Basic
4,2,127,Smart
3,2,374,Basic
2,2,418,Basic
5,1,139,Smart
1,2,234,Basic
3,1,121,Smart
0,3,837,Basic
3,3,223,Smart
3,3,700,Smart
5,1,207,Smart
0,3,1153,Basic
1,2,349,Basic
4,0,223,Smart
0,2,441,Basic
2,1,249,Smart
3,3,281,Smart
2,1,405,Basic
1,2,70,Basic
1,1,93,Basic
1,1,69,Basic
2,1,190,Smart
4,1,359,Smart
1,2,217,Smart
2,4,144,Basic
0,3,7756,Basic
3,3,211,Smart
5,0,336,Smart
2,2,800,Basic
4,2,398,Basic
2,2,389,Basic
4,1,400,Basic
0,2,45,Basic
0,2,148,Basic
4,2,253,Smart
2,3,169,Smart
3,3,367,Smart
1,3,220,Smart
2,4,278,Smart
2,0,175,Smart
4,2,59,Smart
1,4,255,Smart
2,3,189,Smart
2,3,214,Smart
1,4,286,Smart
4,1,813,Smart
1,1,295,Basic
4,1,1015,Smart
2,3,79,Basic
2,1,87,Basic
1,1,114,Basic
2,3,2482,Smart
1,1,87,Basic
1,3,1232,Basic
4,0,322,Smart
0,5,54388,Basic
4,2,252,Smart
1,5,7393,Basic
1,4,1019,Basic
1,3,610,Smart
2,2,222,Smart
2,3,162,Smart
5,1,234,Smart
3,3,451,Smart
2,3,187,Smart
0,4,286,Basic
3,2,270,Smart
4,2,198,Smart
2,0,864,Smart
0,2,106,Basic
4,2,123,Smart
1,1,240,Smart
1,1,430,Basic
4,1,881,Smart
1,4,636,Basic
2,1,159,Basic
3,2,52,Smart
3,3,106,Smart
3,3,337,Smart
3,2,152,Smart
1,2,252,Smart
2,3,161,Smart
3,3,422,Smart
1,2,424,Basic
2,1,194,Smart
1,2,291,Smart
1,5,2977,Basic
3,2,356,Basic
2,1,238,Basic
1,3,60,Smart
2,0,90,Smart
1,5,850,Smart
4,1,251,Smart
2,0,285,Smart
2,1,103,Smart
2,4,2109,Basic
1,1,121,Basic
4,2,126,Smart
1,1,73,Basic
4,0,179,Smart
3,2,244,Smart
5,1,172,Smart
2,1,1108,Smart
2,1,183,Basic
2,3,130,Smart
1,1,69,Basic
2,4,123,Smart
4,2,149,Smart
1,5,587,Smart
0,5,29019,Basic
2,3,2095,Smart
4,1,241,Smart
4,2,581,Smart
2,4,244,Smart
2,1,232,Basic
2,0,2086,Smart
3,1,133,Smart
3,3,296,Smart
1,5,126,Smart
2,1,175,Smart
3,3,149,Smart
4,2,329,Smart
1,1,85,Basic
0,2,48,Basic
2,3,315,Smart
4,1,347,Smart
1,1,69,Basic
3,2,220,Smart
4,2,194,Smart
2,0,220,Smart
1,2,171,Basic
1,1,51,Basic
2,1,183,Smart
1,2,412,Basic
0,2,70,Basic
2,0,1399,Smart
0,2,171,Basic
2,3,267,Smart
3,0,517,Smart
3,3,128,Smart
1,3,374,Smart
1,2,604,Basic
0,4,2402,Basic
1,2,179,Basic
1,1,114,Basic
3,3,208,Smart
2,2,266,Smart
4,2,451,Basic
3,3,172,Smart
2,3,380,Smart
2,2,167,Smart
1,1,69,Basic
3,2,166,Smart
4,2,381,Smart
1,4,3670,Basic
1,2,218,Smart
0,4,86464,Basic
5,1,242,Smart
0,3,26185,Basic
3,1,275,Smart
2,1,169,Smart
0,6,637,Basic
3,2,130,Smart
5,1,207,Smart
2,4,1839,Smart
1,1,54,Basic
1,1,69,Basic
2,3,767,Smart
2,4,10544,Basic
0,2,70,Basic
3,3,339,Basic
5,0,368,Smart
2,1,277,Smart
2,3,365,Smart
2,4,414,Basic
3,3,1477,Basic
2,2,151,Smart
3,1,704,Basic
3,0,108,Smart
2,1,77,Basic
2,1,78,Smart
1,1,360,Basic
2,3,238,Smart
0,2,195,Basic
1,2,290,Smart
1,1,45,Basic
2,1,289,Basic
1,1,81,Basic
2,0,352,Smart
3,3,182,Smart
1,1,118,Basic
1,1,102,Basic
2,1,733,Smart
2,2,437,Smart
2,1,132,Basic
3,1,157,Smart
3,3,208,Smart
3,0,229,Smart
3,2,184,Smart
3,0,1022,Smart
0,2,232,Basic
3,1,221,Basic
4,2,229,Smart
4,0,1008,Smart
2,0,1207,Smart
2,1,310,Smart
3,1,283,Smart
1,1,136,Basic
2,0,1143,Smart
1,2,177,Smart
1,5,138,Basic
2,2,721,Basic
3,1,488,Smart
3,0,152,Smart
1,4,251,Smart
3,1,219,Basic
2,3,419,Smart
3,3,393,Smart
2,4,210,Smart
2,4,240,Basic
3,1,163,Smart
4,1,543,Basic
3,3,549,Smart
1,2,115,Basic
3,1,1110,Smart
1,1,726,Smart
1,1,111,Basic
3,1,181,Basic
1,3,229,Smart
2,4,165,Smart
1,1,93,Basic
1,3,1105,Basic
1,3,150,Smart
1,3,228,Smart
1,2,218,Smart
1,1,82,Basic
2,2,209,Smart
0,2,268,Basic
2,4,44,Smart
2,0,355,Smart
2,2,229,Basic
3,3,397,Basic
3,2,221,Smart
1,2,417,Basic
1,3,160,Smart
2,4,326,Basic
2,3,1207,Smart
5,1,246,Smart
2,2,322,Smart
3,1,903,Smart
1,1,261,Basic
2,3,116,Smart
0,2,507,Basic
4,1,240,Smart
3,2,909,Smart
3,3,325,Smart
0,2,102,Basic
1,5,10468,Basic
3,2,355,Smart
3,2,185,Smart
4,1,304,Smart
0,3,95,Basic
2,2,522,Basic
2,2,522,Smart
5,1,295,Smart
1,1,69,Basic
3,1,371,Smart
4,2,670,Smart
2,4,568,Smart
1,1,81,Basic
2,3,154,Smart
1,2,234,Basic
2,4,693,Basic
5,0,303,Smart
4,2,1181,Smart
2,1,156,Smart
2,1,665,Smart
1,3,715,Smart
2,0,189,Smart
1,3,469,Smart
0,2,55,Basic
2,3,199,Smart
1,2,124,Smart
2,3,128,Smart
0,2,78,Basic
4,0,172,Smart
3,3,241,Basic
4,0,217,Smart
2,0,207,Smart
3,3,405,Smart
1,5,3393,Basic
2,3,161,Smart
2,0,433,Smart
1,3,2016,Smart
2,3,132,Smart
4,1,261,Smart
4,2,262,Smart
3,3,691,Basic
1,2,183,Smart
4,2,151,Smart
2,3,268,Smart
4,1,1010,Smart
1,1,112,Basic
2,0,3168,Smart
3,1,518,Smart
3,0,346,Smart
1,2,275,Basic
2,2,117,Smart
0,2,70,Basic
4,1,817,Smart
4,0,179,Smart
1,2,148,Smart
3,2,145,Smart
5,1,317,Smart
1,2,185,Smart
3,3,83,Smart
0,2,522,Basic
0,3,2795,Basic
1,1,105,Smart
1,1,273,Smart
1,2,164,Smart
3,2,339,Basic
2,2,167,Smart
2,3,28738,Basic
1,5,443,Basic
2,3,692,Basic
2,0,364,Smart
2,1,561,Basic
2,1,103,Smart
1,2,63,Basic
1,1,219,Smart
2,3,350,Basic
1,1,105,Basic
4,0,525,Smart
2,2,132,Basic
3,1,282,Basic
3,1,246,Smart
1,3,486,Basic
2,3,155,Smart
1,4,378,Basic
0,3,108,Basic
1,1,235,Basic
1,3,217,Smart
1,1,69,Basic
1,4,2069,Basic
4,1,154,Smart
1,3,93,Smart
4,2,431,Smart
0,3,53886,Basic
0,3,354,Basic
1,1,70,Basic
1,2,1118,Basic
1,3,182,Smart
3,1,273,Basic
4,2,140,Smart
2,4,89,Smart
2,1,414,Smart
4,2,331,Smart
2,1,176,Smart
3,1,291,Basic
3,1,174,Smart
1,5,285,Smart
0,2,213,Basic
3,0,144,Smart
1,1,70,Basic
3,1,285,Smart
1,3,774,Smart
0,4,6509,Basic
2,1,206,Smart
0,2,130,Basic
0,2,249,Basic
3,3,1244,Smart
3,3,178,Smart
3,2,125,Smart
2,2,437,Basic
0,2,403,Basic
1,3,243,Smart
3,1,355,Basic
0,2,240,Basic
2,4,803,Basic
2,2,541,Smart
1,3,369,Basic
1,3,338,Smart
2,2,325,Basic
3,3,433,Smart
2,2,407,Smart
3,1,118,Smart
3,1,241,Basic
2,1,183,Basic
2,2,367,Basic
0,2,144,Basic
3,0,229,Smart
0,2,156,Basic
1,3,161,Smart
4,2,251,Smart
1,1,343,Smart
1,1,246,Smart
3,2,239,Smart
2,0,192,Smart
2,2,121,Smart
1,2,241,Smart
3,1,390,Basic
2,2,292,Smart
3,1,305,Smart
1,4,1902,Basic
1,1,162,Basic
2,2,151,Smart
0,3,12736,Basic
2,3,135,Smart
1,4,1652,Basic
2,3,241,Smart
4,0,166,Smart
2,4,95,Smart
2,4,3457,Basic
2,2,576,Basic
3,2,214,Smart
0,3,430,Basic
3,1,285,Basic
2,1,685,Smart
1,5,886,Smart
0,2,214,Basic
2,3,342,Smart
3,0,286,Smart
5,1,361,Smart
0,3,17397,Basic
3,3,139,Smart
0,5,208243,Basic
1,4,149,Smart
3,3,99,Smart
0,3,357,Basic
1,2,255,Smart
0,3,86704,Basic
2,1,253,Basic
3,1,146,Smart
2,4,133,Smart
4,2,208,Smart
3,1,203,Smart
1,1,97,Basic
2,1,125,Basic
3,3,268,Smart
1,5,266,Smart
3,3,108,Smart
2,3,678,Smart
0,4,21520,Basic
1,2,550,Smart
1,1,123,Basic
1,3,510,Smart
0,2,174,Basic
2,4,81,Smart
3,2,126,Smart
1,1,279,Basic
3,3,146,Smart
1,1,817,Smart
0,4,14940,Basic
4,2,288,Smart
3,2,153,Smart
1,2,322,Smart
0,3,21523,Basic
2,2,359,Basic
2,1,463,Basic
2,4,286,Smart
4,2,468,Basic
4,0,814,Smart
1,1,81,Basic
3,2,147,Smart
1,3,464,Basic
2,4,318,Basic
1,4,483,Basic
2,2,60995,Basic
2,3,274,Smart
2,4,492,Smart
1,2,276,Smart
3,2,130,Smart
3,0,152,Smart
1,1,124,Basic
2,2,263,Smart
3,3,852,Smart
1,1,147,Basic
2,3,103,Smart
2,2,144,Smart
2,3,225,Smart
2,1,310,Smart
0,2,1569,Basic
0,4,25128,Basic
2,2,222,Smart
3,2,84,Smart
3,1,228,Smart
0,4,1234,Basic
3,1,88,Smart
4,2,753,Smart
2,1,173,Basic
1,2,125,Basic
1,3,161,Smart
1,3,13530,Basic
2,2,175,Smart
2,3,425,Basic
2,4,242,Smart
4,2,465,Smart
1,1,396,Smart
2,3,446,Basic
5,1,261,Smart
0,2,162,Basic
2,1,123,Smart
3,1,346,Smart
2,2,92,Smart
3,1,209,Smart
4,2,282,Basic
1,3,1121,Smart
2,1,185,Smart
2,3,514,Smart
1,3,668,Smart
3,1,722,Basic
3,1,213,Basic
1,3,195,Smart
2,2,201,Smart
2,1,148,Smart
2,4,230,Smart
2,0,907,Smart
5,1,369,Basic
1,2,322,Smart
1,2,104,Basic
0,2,60,Basic
4,2,231,Smart
3,3,189,Smart
1,1,166,Smart
3,3,188,Smart
2,4,811,Basic
2,2,274,Smart
1,1,180,Smart
3,3,254,Smart
1,1,70,Basic
2,3,1968,Basic
1,2,221,Smart
1,4,189,Smart
2,4,626,Smart
3,2,284,Basic
2,3,414,Smart
3,0,370,Smart
4,1,210,Smart
4,2,271,Basic
4,1,331,Smart
3,1,755,Smart
2,0,124,Smart
3,2,679,Smart
5,0,233,Smart
1,1,169,Basic
1,1,82,Basic
4,0,425,Smart
5,1,580,Basic
4,2,608,Smart
3,1,282,Basic
3,1,561,Smart
5,1,210,Smart
3,1,327,Smart
2,0,220,Smart
3,2,154,Smart
0,6,760,Basic
3,2,1233,Smart
2,3,340,Smart
1,2,241,Smart
2,4,178,Smart
4,2,187,Smart
3,2,283,Smart
5,1,242,Smart
3,3,1486,Smart
1,4,3001,Basic
1,3,2053,Basic
3,0,137,Smart
2,3,1990,Basic
3,3,189,Smart
2,0,267,Smart
0,2,117,Basic
1,1,133,Basic
3,2,77,Smart
0,5,7662,Basic
2,3,101,Smart
2,4,285,Smart
1,2,438,Smart
3,2,2782,Basic
0,2,75,Basic
4,2,132,Smart
1,2,180,Basic
2,0,246,Smart
4,1,641,Smart
1,1,307,Smart
1,1,67,Basic
2,2,879,Basic
1,1,48,Basic
2,4,235,Basic
3,1,323,Smart
3,3,400,Basic
3,3,623,Basic
2,2,491,Basic
2,2,123,Smart
4,1,529,Smart
1,3,435,Smart
4,1,198,Smart
1,1,75,Basic
5,1,364,Smart
2,1,303,Smart
2,4,553,Smart
2,2,353,Smart
2,0,202,Smart
2,3,338,Basic
2,1,459,Basic
3,0,151,Smart
2,4,235,Basic
1,1,106,Basic
2,2,164,Smart
1,5,40317,Basic
1,1,51,Basic
2,2,2577,Basic
2,3,832,Basic
1,1,55,Basic
1,2,273,Basic
2,3,3201,Basic
1,1,73,Basic
1,2,481,Basic
4,1,350,Smart
2,2,570,Smart
3,3,343,Smart
1,3,2686,Basic
1,2,225,Basic
2,4,370,Basic
1,1,69,Basic
1,1,147,Smart
1,1,549,Smart
4,2,210,Smart
3,3,249,Smart
3,0,279,Smart
1,2,219,Smart
0,2,115,Basic
2,3,1548,Basic
5,1,281,Smart
2,4,300,Smart
2,0,532,Smart
4,2,241,Smart
3,2,304,Smart
3,1,189,Smart
4,0,285,Smart
3,3,861,Smart
0,2,85,Basic
0,2,123,Basic
2,3,113,Smart
2,1,167,Basic
2,2,250,Smart
3,2,13699,Smart
3,3,700,Smart
2,1,280,Smart
2,4,493,Basic
2,4,87,Smart
3,3,671,Basic
3,1,298,Basic
3,1,329,Smart
3,3,330,Smart
3,3,22230,Basic
2,1,164,Basic
2,1,109,Smart
2,1,280,Smart
2,3,336,Basic
4,2,217,Smart
2,2,357,Basic
1,4,447,Basic
3,1,232,Smart
2,4,182,Smart
5,1,132,Smart
1,4,114437,Basic
4,1,572,Basic
4,2,103,Smart
2,0,388,Smart
2,0,310,Smart
1,2,293,Basic
2,4,113,Smart
3,2,120,Smart
3,3,959,Smart
2,0,117,Smart
1,2,349,Smart
1,4,261,Smart
2,4,1230,Basic
1,2,547,Smart
1,5,156,Basic
0,2,78,Basic
0,2,631,Basic
3,2,137,Smart
3,0,175,Smart
1,4,187,Smart
1,5,1248,Smart
4,0,1990,Smart
4,1,620,Basic
2,4,104,Smart
4,0,118,Smart
1,1,106,Basic
2,4,356,Smart
4,2,128,Smart
3,1,264,Smart
3,3,149,Smart
1,1,64,Basic
3,0,405,Smart
1,4,171,Smart
3,2,202,Smart
2,4,344,Basic
4,1,188,Smart
1,1,117,Basic
1,2,268,Smart
3,2,141,Smart
2,1,114,Basic
4,2,349,Smart
1,3,421,Smart
1,1,145,Basic
2,2,277,Basic
4,1,425,Smart
1,2,335,Smart
4,2,1466,Smart
3,2,238,Smart
2,4,127,Smart
0,2,99,Basic
5,1,681,Smart
5,1,345,Smart
2,2,192,Smart
4,2,131,Smart
1,1,90,Basic
3,0,503,Smart
0,3,187,Basic
2,3,403,Smart
3,3,5569,Basic
3,3,51,Smart
1,2,216,Smart
2,4,792,Basic
2,3,323,Smart
3,3,212,Smart
2,2,218,Basic
2,0,501,Smart
3,2,1030,Basic
1,1,75,Basic
2,3,320,Smart
4,1,187,Smart
1,1,261,Basic
2,2,648,Smart
2,3,81,Smart
2,1,274,Basic
0,2,99,Basic
2,0,121,Smart
2,0,1099,Smart
0,2,82,Basic
2,4,528,Smart
1,4,1796,Basic
0,3,869,Basic
3,1,144,Smart
3,1,220,Smart
1,1,108,Basic
1,4,608,Basic
4,1,157,Smart
1,3,204,Smart
1,1,91,Basic
3,3,244,Smart
3,2,188,Smart
1,2,849,Basic
3,1,174,Smart
1,3,269,Basic
1,3,247,Basic
2,4,593,Smart
2,4,115,Smart
1,2,261,Basic
2,1,248,Basic
4,1,217,Smart
1,2,104,Basic
1,2,195,Basic
1,3,183,Smart
1,1,61,Basic
1,1,187,Basic
3,2,135,Smart
1,1,90,Basic
3,1,318,Basic
2,1,127,Basic
1,1,189,Basic
4,1,230,Smart
0,2,145,Basic
2,0,799,Smart
3,2,152,Smart
5,0,286,Smart
4,0,730,Smart
1,1,90,Basic
2,1,233,Smart
2,3,221,Smart
1,3,1600,Basic
3,2,206,Basic
3,3,177,Smart
2,1,378,Basic
0,6,243,Basic
3,3,124,Smart
1,3,1691,Basic
2,0,270,Smart
1,5,3535,Basic
1,1,57,Basic
2,0,133,Smart
3,1,115,Smart
2,4,565,Basic
1,2,162,Basic
2,1,213,Smart
2,2,694,Smart
3,0,283,Smart
2,3,527,Smart
3,2,343,Smart
2,0,208,Smart
1,3,445,Basic
2,2,261,Smart
3,3,196,Basic
0,2,70,Basic
2,2,2308,Basic
0,5,23703,Basic
3,0,143,Smart
3,0,211,Smart
5,1,558,Smart
1,1,385,Basic
3,3,117,Basic
2,1,306,Basic
2,1,277,Basic
2,4,222,Smart
2,1,961,Smart
0,4,2537,Basic
0,2,333,Basic
2,2,208,Smart
1,4,9265,Basic
1,2,551,Basic
5,1,793,Smart
2,1,171,Basic
2,2,155,Smart
1,1,129,Basic
2,1,270,Smart
1,2,196,Smart
2,3,253,Smart
1,4,1877,Basic
1,3,164,Smart
3,0,387,Smart
3,0,579,Smart
2,2,133,Smart
1,2,198,Smart
0,3,23943,Basic
3,3,459,Smart
0,3,611,Basic
1,3,410,Smart
1,3,146,Smart
1,5,287,Smart
3,3,265,Basic
2,3,49354,Basic
1,4,6672,Basic
2,2,260,Basic
1,1,159,Smart
1,4,144,Smart
1,1,48,Basic
4,1,392,Smart
0,3,12478,Basic
3,2,240,Smart
2,3,145,Basic
1,1,85,Basic
1,1,76,Basic
0,5,1785,Basic
4,0,690,Smart
4,0,184,Smart
2,2,172,Smart
2,3,371,Smart
3,0,561,Smart
2,4,110,Smart
2,2,126,Smart
1,3,2117,Basic
2,2,480,Smart
4,2,221,Smart
2,1,298,Smart
1,1,48,Basic
2,2,249,Smart
3,3,184,Smart
4,2,205,Smart
4,1,922,Smart
1,1,81,Basic
1,3,426,Smart
0,4,19445,Basic
3,3,168,Basic
1,2,498,Smart
3,2,189,Smart
0,4,90960,Basic
2,1,535,Basic
4,2,68,Smart
1,1,72,Basic
2,4,211,Smart
3,0,353,Smart
3,3,389,Smart
2,4,186,Smart
4,2,646,Basic
4,1,573,Smart
1,2,194,Basic
1,2,387,Basic
1,2,241,Basic
4,2,654,Smart
1,3,149,Smart
2,1,471,Smart
1,4,504,Smart
4,0,295,Smart
5,1,5421,Smart
2,1,162,Smart
4,2,1017,Smart
1,3,1456,Basic
4,2,544,Basic
3,1,117,Smart
1,1,82,Basic
3,1,831,Smart
2,3,183,Smart
3,1,124,Smart
2,4,199,Smart
1,2,379,Basic
1,1,81,Basic
3,0,202,Smart
1,1,67,Basic
3,0,149,Smart
1,3,508,Smart
1,4,769,Basic
1,1,99,Smart
2,3,681,Basic
2,2,324,Basic
4,1,144,Smart
3,3,191,Smart
3,1,442,Smart
3,3,103,Smart
2,2,81,Smart
2,1,104,Smart
2,1,334,Smart
2,4,427,Smart
2,2,236,Basic
2,2,168,Smart
4,1,493,Smart
3,3,141,Smart
1,1,142,Smart
4,1,696,Basic
0,3,51939,Basic
3,2,262,Smart
2,3,165,Smart
1,2,344,Basic
4,1,161,Smart
1,3,260,Smart
1,5,949,Basic
3,0,737,Smart
2,2,263,Smart
4,2,384,Smart
2,2,286,Smart
3,2,264,Smart
0,4,257059,Basic
1,5,2865,Basic
4,2,132,Smart
2,3,491,Smart
5,1,394,Smart
1,1,96,Basic
2,2,150,Smart
3,1,480,Smart
4,2,175,Smart
3,2,198,Smart
2,0,565,Smart
3,0,145,Smart
2,2,150,Smart
3,1,165,Smart
2,4,227,Basic
1,4,169,Smart
2,4,428,Smart
1,4,744,Basic
1,1,36,Basic
2,1,130,Smart
0,3,11356,Basic
5,0,487,Smart
4,0,221,Smart
1,1,73,Basic
0,4,6840,Basic
0,6,8980,Basic
2,4,123,Smart
2,1,93,Smart
0,2,70,Basic
1,1,84,Basic
2,1,394,Smart
2,1,135,Smart
3,0,108,Smart
2,1,147,Smart
1,2,155,Basic
3,1,808,Smart
2,1,185,Basic
4,2,298,Smart
3,1,301,Smart
2,0,138,Smart
3,1,194,Smart
2,2,179,Smart
2,1,1620,Smart
3,1,139,Smart
2,4,81,Smart
5,1,264,Smart
2,3,2878,Smart
2,2,513,Basic
1,5,1253,Basic
1,1,78,Basic
4,0,416,Smart
2,1,235,Smart
3,0,975,Smart
4,2,1048,Smart
2,0,1306,Smart
2,2,182,Smart
3,2,96,Smart
2,4,1300,Basic
1,1,51,Basic
2,2,276,Basic
1,3,679,Smart
1,1,79,Basic
1,1,187,Smart
1,1,184,Basic
1,2,352,Smart
1,2,114,Smart
5,0,590,Smart
0,2,219,Basic
2,2,423,Basic
1,1,105,Basic
2,2,121,Smart
0,4,3361,Basic
3,2,146,Smart
2,2,169,Smart
5,1,681,Smart
3,2,770,Smart
2,4,110,Smart
4,2,1614,Basic
1,3,393,Smart
4,2,693,Basic
4,1,134,Smart
0,4,7609,Basic
2,2,836,Smart
2,2,728,Smart
1,2,191,Basic
4,1,584,Smart
4,1,236,Smart
3,1,195,Basic
3,3,149,Smart
1,4,569,Basic
2,4,100270,Basic
0,2,154,Basic
2,4,209,Basic
3,1,129,Smart
0,2,94,Basic
0,3,1528,Basic
5,0,245,Smart
4,0,557,Smart
0,2,87,Basic
4,2,259,Smart
3,3,298,Smart
3,3,227,Smart
3,3,134,Smart
0,2,300,Basic
0,2,96,Basic
1,1,102,Basic
3,0,441,Smart
1,1,45,Basic
0,4,2075,Basic
1,2,433,Basic
1,2,473,Basic
1,2,313,Smart
3,2,909,Basic
3,1,877,Smart
1,5,16031,Basic
1,1,84,Basic
2,2,184,Smart
2,2,168,Smart
0,2,57,Basic
3,3,162,Smart
3,3,376,Basic
0,2,75,Basic
0,2,457,Basic
1,3,862,Basic
2,1,311,Smart
2,1,741,Smart
2,0,120,Smart
3,0,178,Smart
3,3,106,Smart
2,1,145,Smart
1,4,807,Basic
0,2,336,Basic
1,3,177,Smart
3,2,255,Smart
3,3,493,Basic
1,1,79,Basic
3,2,708,Smart
2,3,194,Smart
0,2,118,Basic
2,3,626,Basic
2,4,1403,Basic
1,1,99,Basic
1,2,268,Smart
2,2,197,Smart
1,4,259,Smart
5,0,1021,Smart
1,3,394,Basic
3,1,159,Smart
2,3,270,Smart
3,1,298,Smart
0,3,91,Basic
0,2,135,Basic
2,1,760,Smart
0,2,415,Basic
3,0,1155,Smart
2,1,331,Basic
2,1,229,Basic
1,5,490,Smart
3,0,203,Smart
1,1,162,Basic
1,4,226,Smart
2,3,179,Smart
3,2,547,Basic
0,2,237,Basic
0,2,336,Basic
0,6,4119,Basic
4,2,129,Smart
4,2,218,Smart
1,1,90,Basic
4,2,431,Smart
3,1,1094,Smart
2,1,1185,Smart
1,2,192,Smart
1,1,102,Basic
2,0,280,Smart
1,1,66,Basic
2,4,3289,Basic
1,4,2016,Basic
1,1,103,Basic
2,3,1412,Basic
1,3,153,Smart
2,1,336,Basic
0,2,39,Basic
2,2,451,Basic
3,2,165,Smart
1,3,154,Smart
2,3,204,Smart
2,3,657,Smart
2,1,435,Smart
1,2,4014,Basic
3,3,33518,Basic
2,3,1033,Smart
2,4,170,Smart
2,1,101,Basic
0,3,3146,Basic
1,1,51,Basic
3,3,220,Smart
2,0,279,Smart
0,3,170,Basic
3,2,771,Basic
3,3,151,Smart
3,0,455,Smart
3,3,5962,Basic
3,1,609,Smart
1,3,334,Smart
3,2,85,Smart
1,4,33621,Basic
2,2,257,Basic
2,2,220,Smart
1,2,180,Smart
3,3,111,Smart
2,1,546,Smart
1,1,67,Basic
2,3,2346,Basic
1,1,250,Smart
2,3,365,Smart
2,4,221,Smart
0,4,12529,Basic
2,4,274,Smart
3,1,251,Basic
4,2,71,Smart
1,3,379,Smart
1,3,256,Smart
1,2,388,Smart
2,2,247,Basic
1,1,148,Basic
4,2,298,Basic
1,5,217,Basic
2,2,2212,Smart
1,5,6132,Basic
1,1,276,Smart
2,1,168,Smart
1,5,1501,Basic
1,1,84,Basic
0,2,250,Basic
1,3,223,Smart
5,1,839,Smart
3,3,255,Smart
0,3,6699,Basic
2,3,1399,Smart
2,1,272,Smart
4,2,327,Smart
1,1,58,Basic
3,1,511,Smart
2,4,204,Smart
2,4,419,Basic
2,1,187,Smart
4,2,214,Smart
3,0,175,Smart
2,3,395,Smart
3,2,190,Smart
2,3,142,Smart
1,2,94,Basic
3,1,438,Smart
2,2,447,Basic
4,1,193,Smart
2,2,222,Smart
2,2,407,Basic
1,2,205,Smart
3,1,70,Smart
3,2,252,Smart
4,2,374,Smart
3,2,547,Smart
2,2,248,Basic
2,1,379,Smart
4,2,77,Smart
2,2,274,Smart
1,2,285,Basic
1,1,459,Smart
2,1,281,Basic
1,1,115,Basic
2,3,332,Smart
2,1,145,Smart
4,1,413,Basic
0,3,1682,Basic
2,0,505,Smart
3,0,247,Smart
2,4,789,Smart
5,1,176,Smart
2,3,189,Smart
2,2,841,Smart
2,0,391,Smart
2,3,268,Smart
1,4,2452,Basic
3,3,642,Basic
3,2,156,Smart
4,2,529,Basic
3,0,399,Smart
1,1,37,Basic
2,2,538,Basic
1,2,147,Basic
1,2,163,Smart
1,1,126,Basic
1,1,106,Basic
2,0,681,Smart
3,0,168,Smart
1,1,78,Basic
3,0,157,Smart
2,0,325,Smart
1,1,90,Basic
3,3,863,Basic
2,2,279,Smart
4,0,270,Smart
5,0,402,Smart
0,2,100,Basic
2,3,2904,Basic
4,2,108,Smart
1,1,97,Basic
4,2,132,Basic
3,3,1421,Smart
3,1,129,Smart
0,3,166,Basic
3,3,456,Smart
4,2,126,Smart
1,2,327,Smart
2,3,240,Smart
0,5,843,Basic
2,1,109,Basic
2,2,159,Smart
4,1,356,Smart
4,1,500,Smart
2,0,270,Smart
1,2,158,Smart
3,1,207,Smart
0,2,181,Basic
5,0,266,Smart
2,2,348,Smart
5,0,518,Smart
2,2,210,Smart
2,3,1475,Basic
1,2,109,Smart
1,3,1019,Basic
1,2,123,Basic
1,1,82,Basic
2,3,464,Basic
1,2,189,Basic
5,1,340,Smart
3,0,255,Smart
2,4,264,Smart
0,3,793,Basic
3,3,418,Smart
2,3,132,Smart
3,2,391,Smart
4,2,343,Smart
2,0,243,Smart
1,1,51,Basic
2,4,258,Smart
3,3,136,Smart
3,3,953,Basic
3,2,346,Smart
3,3,94,Smart
4,2,270,Smart
2,0,822,Smart
2,1,110,Smart
0,6,295,Basic
1,2,189,Smart
1,3,242,Smart
2,3,1074,Smart
4,1,395,Smart
1,2,858,Basic
2,4,1087,Basic
1,4,355,Smart
3,0,1468,Smart
2,4,4849,Basic
5,0,404,Smart
1,4,391,Basic
3,0,167,Smart
2,0,99,Smart
1,3,286,Smart
3,0,199,Smart
4,2,245,Smart
2,3,407,Smart
1,3,130,Smart
0,6,12095,Basic
1,1,169,Basic
1,1,82,Basic
3,3,116,Smart
0,2,240,Basic
1,1,111,Basic
3,0,187,Smart
1,2,120,Smart
1,1,210,Smart
2,3,192,Smart
0,2,1048,Basic
2,1,294,Smart
2,1,170,Smart
2,4,121,Smart
0,2,235,Basic
3,2,84,Smart
1,2,392,Basic
2,0,99,Smart
0,4,22279,Basic
3,0,954,Smart
1,3,166,Smart
4,1,255,Smart
3,1,1125,Smart
3,0,527,Smart
2,1,349,Smart
3,1,931,Basic
1,1,190,Smart
4,0,5127,Smart
1,4,447,Basic
0,2,81,Basic
2,0,274,Smart
2,2,2346,Smart
1,3,131,Smart
2,3,9008,Basic
3,0,518,Smart
2,0,297,Smart
4,1,492,Smart
2,0,415,Smart
4,1,361,Smart
1,5,103,Smart
1,3,10941,Basic
3,3,122,Basic
4,1,425,Basic
1,3,418,Smart
0,3,1236,Basic
2,4,139,Smart
0,2,315,Basic
3,2,379,Smart
2,4,50462,Basic
1,5,201,Basic
2,1,150,Basic
1,1,60,Basic
3,2,349,Smart
2,1,105,Smart
2,2,382,Smart
4,1,526,Smart
3,1,256,Smart
2,0,196,Smart
2,4,739,Basic
1,4,163536,Basic
6,0,401,Smart
0,2,411,Basic
2,4,545,Smart
4,1,304,Smart
1,2,137,Basic
1,3,436,Smart
4,2,268,Smart
3,1,665,Smart
2,4,3994,Basic
1,2,306,Basic
3,3,316,Basic
4,0,384,Smart
2,4,379,Smart
1,2,72,Basic
1,2,148,Smart
1,1,75,Basic
2,2,140,Smart
2,4,776,Basic
1,3,121,Smart
3,2,587,Basic
4,1,282,Smart
2,2,139,Smart
2,0,819,Smart
2,2,506,Smart
2,2,328,Smart
2,2,432,Basic
2,3,17228,Basic
4,2,350,Basic
3,3,84,Smart
4,1,339,Smart
1,3,242,Smart
2,2,170,Smart
1,1,106,Basic
1,3,407,Basic
1,3,397,Smart
2,2,458,Basic
1,1,226,Smart
3,2,289,Smart
1,3,146,Smart
2,4,113,Smart
2,2,676,Smart
2,4,5292,Basic
1,2,330,Smart
2,2,333,Basic
1,1,159,Basic
0,2,78,Basic
2,3,766,Smart
1,3,203,Smart
4,2,325,Smart
2,1,604,Smart
3,2,732,Basic
2,1,405,Basic
